STOCK_ID,IS_NEW,YEAR,MODEL,BODY_STYLE,COLOR,CITY_MPG,HIGHWAY_MPG,MSRP,INSTANT_SAVINGS,MILEAGE
783,1,2017,Focus,Sedan,Charcoal Black,27,40,20070,1003,
884,1,2017,Focus,Sedan,Shadow Black,27,40,20640,1057,
545,1,2016,Focus,Sedan,Race Red,27,40,21075,1096,
988,1,2017,Edge,SUV,Ingot Silver,20,29,39220,2099,
603,1,2016,Edge,SUV,Tuxedo Black,20,28,37660,2073,
997,1,2016,Edge,SUV,White Platinum,18,26,37515,1910,
385,1,2017,Fusion,Sedan,Shadow Black,22,34,27305,1673,
470,1,2017,Fusion,Sedan,Shadow Black,22,33,29845,1878,
813,1,2016,Fusion,Sedan,Oxford White,44,41,35225,2321,
770,1,2016,Taurus,Sedan,Tuxedo Black,19,29,30635,1816,
581,1,2017,Transit Connect,Truck,Race Red,20,28,24470,1263,
594,1,2017,Transit Connect,Cargo Van,Silver,20,28,25670,1300,
66A,0,2008,Focus,Coupe,Vista Blue,24,35,6750,,90503
75A,0,2011,Fusion,Sedan,Bordeaux Reserve,22,29,8750,,97999
75B,0,2012,Fiesta,Sedan,Ingot Silver,29,38,9000,,52538
66B,0,2008,Edge,SUV,Light Ice Blue,16,24,10000,,101946
48A,0,2014,Fiesta,Hatchback,Blue Candy Tinted,28,36,10750,,29323
82B,0,2013,Focus,Hatchback,Race Red,26,36,10750,,55064
86A,0,2012,Focus,Hatchback,Yellow Blaze Tri-Coat,26,36,11000,,28551
96A,0,2013,Focus,Sedan,Tuxedo Black,26,36,12000,,19148
855,0,2015,Fiesta,Hatchback,Magnetic,28,36,12500,,33142
92A,0,2011,Fusion,Sedan,Red Candy Tinted,23,33,12500,,67189
95A,0,2012,Fusion,Sedan,Red Candy Tinted,41,36,13750,,72937
98A,0,2013,Fusion,Sedan,Ruby Red,22,34,14500,,22516
818,0,2014,Fusion,Sedan,Ruby Red Tinted,22,34,15750,,35417
28A,0,2014,Focus,Hatchback,Ingot Silver,27,37,16250,,14441
